NM;TIN;VDNM;LICNUM;LICBEG;LICEND
"ПРИВАТНЕ ПIДПРИЄМСТВО ""САМОГОННА РЕСТОРАЦІЯ ""КОВЧЕГ""";39518281;Оптова торгівля алкогольними напоями, виключно пивом для виробників пива з обсягом виробництва до 3000 гектолітрів на рік;400019;24.02.2017;24.02.2022
"ТОВАРИСТВО З ОБМЕЖЕНОЮ ВIДПОВIДАЛЬНIСТЮ ""ПРЕМІУМ-БАР""";35875619;Оптова торгівля алкогольними напоями, виключно пивом для виробників пива з обсягом виробництва до 3000 гектолітрів на рік;400020;03.03.2017;03.03.2022
"ТОВАРИСТВО З ОБМЕЖЕНОЮ ВIДПОВIДАЛЬНIСТЮ ""ФУДЕМБІР""";39506805;Оптова торгівля алкогольними напоями, виключно пивом для виробників пива з обсягом виробництва до 3000 гектолітрів на рік;400021;03.03.2017;03.03.2022
"ПРИВАТНЕ ПIДПРИЄМСТВО ""ШЕФЛЕРА""";37303437;Оптова торгівля алкогольними напоями, виключно пивом для виробників пива з обсягом виробництва до 3000 гектолітрів на рік;400022;07.03.2017;07.03.2022
"ТОВАРИСТВО З ОБМЕЖЕНОЮ ВIДПОВIДАЛЬНIСТЮ ""ЮЖНІЙ БУГ""";38199650;Оптова торгівля алкогольними напоями, виключно пивом для виробників пива з обсягом виробництва до 3000 гектолітрів на рік;400023;07.03.2017;07.03.2022
"ТОВАРИСТВО З ОБМЕЖЕНОЮ ВIДПОВIДАЛЬНIСТЮ ""ЗЕ БІР""";40573335;Оптова торгівля алкогольними напоями, виключно пивом для виробників пива з обсягом виробництва до 3000 гектолітрів на рік;400024;10.03.2017;10.03.2022
"ТОВАРИСТВО З ОБМЕЖЕНОЮ ВIДПОВIДАЛЬНIСТЮ ""РОЯЛ ТАЙМ""";39142851;Оптова торгівля алкогольними напоями, виключно пивом для виробників пива з обсягом виробництва до 3000 гектолітрів на рік;400025;24.03.2017;24.03.2022
ФІЗИЧНА ОСОБА-ПІДПРИЄМЕЦЬ МОТРУК ВАСИЛЬ ДМИТРОВИЧ;***********;Оптова торгівля алкогольними напоями, виключно пивом для виробників пива з обсягом виробництва до 3000 гектолітрів на рік;400026;29.03.2017;29.03.2022
"ТОВАРИСТВО З ОБМЕЖЕНОЮ ВIДПОВIДАЛЬНIСТЮ ""ВІННЕРС""";38081950;Оптова торгівля алкогольними напоями, виключно пивом для виробників пива з обсягом виробництва до 3000 гектолітрів на рік;400027;31.03.2017;31.03.2022
"ТОВАРИСТВО З ОБМЕЖЕНОЮ ВIДПОВIДАЛЬНIСТЮ ПРОМИСЛОВО-ТОРГІВЕЛЬНЕ ПІДПРИЄМСТВО ""ДРУЖБА""";20871553;Оптова торгівля алкогольними напоями, виключно пивом для виробників пива з обсягом виробництва до 3000 гектолітрів на рік;400028;31.03.2017;31.03.2022
"ТОВАРИСТВО З ОБМЕЖЕНОЮ ВIДПОВIДАЛЬНIСТЮ ""БРЮМАЙСТЕР""";38511023;Оптова торгівля алкогольними напоями, виключно пивом для виробників пива з обсягом виробництва до 3000 гектолітрів на рік;400030;05.04.2017;05.04.2022
"ТОВАРИСТВО З ОБМЕЖЕНОЮ ВIДПОВIДАЛЬНIСТЮ ""УКРТОРГКОМ""";36837328;Оптова торгівля алкогольними напоями, виключно пивом для виробників пива з обсягом виробництва до 3000 гектолітрів на рік;400034;07.04.2017;07.04.2022
"ПРИВАТНЕ ПIДПРИЄМСТВО ""ЖАН-ЖАК КЛАС""";33569550;Оптова торгівля алкогольними напоями, виключно пивом для виробників пива з обсягом виробництва до 3000 гектолітрів на рік;400035;14.04.2017;14.04.2022
"ТОВАРИСТВО З ОБМЕЖЕНОЮ ВIДПОВIДАЛЬНIСТЮ ""ХОПТУІН""";40845339;Оптова торгівля алкогольними напоями, виключно пивом для виробників пива з обсягом виробництва до 3000 гектолітрів на рік;400037;20.04.2017;20.04.2022
"ПРИВАТНЕ ПIДПРИЄМСТВО ""ЧЕРКАСЬКА БАВАРІЯ""";38305461;Оптова торгівля алкогольними напоями, виключно пивом для виробників пива з обсягом виробництва до 3000 гектолітрів на рік;400040;13.05.2017;13.05.2022
ФІЗИЧНА ОСОБА – ПІДПРИЄМЕЦЬ БРОЖ ІРИНА МАРІАНІВНА;***********;Оптова торгівля алкогольними напоями, виключно пивом для виробників пива з обсягом виробництва до 3000 гектолітрів на рік;400042;19.05.2017;19.05.2022
"ТОВАРИСТВО З ОБМЕЖЕНОЮ ВIДПОВIДАЛЬНIСТЮ ""БІР ХАУС ПОЛТАВА""";39785152;Оптова торгівля алкогольними напоями, виключно пивом для виробників пива з обсягом виробництва до 3000 гектолітрів на рік;400045;07.06.2017;07.06.2022
"ПРИВАТНЕ ПIДПРИЄМСТВО ""ІНКОПМАРК-ПЛЮС""";22222899;Оптова торгівля алкогольними напоями, виключно пивом для виробників пива з обсягом виробництва до 3000 гектолітрів на рік;400046;22.06.2017;22.06.2022
"СПІЛЬНЕ УКРАЇНСЬКО-ПОЛЬСЬКЕ ПІДПРИЄМСТВО У ФОРМІ ТОВАРИСТВА З ОБМЕЖЕНОЮ ВІДПОВІДАЛЬНІСТЮ ""КАСТЕЛЯРІ""";14331217;Оптова торгівля алкогольними напоями, виключно пивом для виробників пива з обсягом виробництва до 3000 гектолітрів на рік;400047;22.06.2017;22.06.2022
"ТОВАРИСТВО З ОБМЕЖЕНОЮ ВIДПОВIДАЛЬНIСТЮ ""ЮНІТЕК""";32157767;Оптова торгівля алкогольними напоями, виключно пивом для виробників пива з обсягом виробництва до 3000 гектолітрів на рік;400049;27.06.2017;27.06.2022
"ПРИВАТНЕ АКЦIОНЕРНЕ ТОВАРИСТВО ""АГРОКОМПЛЕКС ХМІЛЬНИКПРОДУКТ""";35797976;Оптова торгівля алкогольними напоями, виключно пивом для виробників пива з обсягом виробництва до 3000 гектолітрів на рік;400051;04.07.2017;04.07.2022
ФІЗИЧНА ОСОБА – ПІДПРИЄМЕЦЬ ШИЛЯЄВ ПАВЛО ОЛЕКСАНДРОВИЧ;***********;Оптова торгівля алкогольними напоями, виключно пивом для виробників пива з обсягом виробництва до 3000 гектолітрів на рік;400053;12.07.2017;12.07.2022
ФІЗИЧНА ОСОБА – ПІДПРИЄМЕЦЬ МАРЧУК ВІКТОР СТАНІСЛАВОВИЧ;***********;Оптова торгівля алкогольними напоями, виключно пивом для виробників пива з обсягом виробництва до 3000 гектолітрів на рік;400056;20.07.2017;20.07.2022
"ТОВАРИСТВО З ОБМЕЖЕНОЮ ВIДПОВIДАЛЬНIСТЮ ""АКВАДОН""";38478987;Оптова торгівля алкогольними напоями, виключно пивом для виробників пива з обсягом виробництва до 3000 гектолітрів на рік;400058;26.07.2017;26.07.2022
"ТОВАРИСТВО З ОБМЕЖЕНОЮ ВIДПОВIДАЛЬНIСТЮ ""СВТК""";31886276;Оптова торгівля алкогольними напоями, виключно пивом для виробників пива з обсягом виробництва до 3000 гектолітрів на рік;400059;26.07.2017;26.07.2022
ФІЗИЧНА ОСОБА – ПІДПРИЄМЕЦЬ ОСТАПЧУК АНДРІЙ ОЛЕКСАНДРОВИЧ;***********;Оптова торгівля алкогольними напоями, виключно пивом для виробників пива з обсягом виробництва до 3000 гектолітрів на рік;400060;10.08.2017;10.08.2022
"ТОВАРИСТВО З ОБМЕЖЕНОЮ ВIДПОВIДАЛЬНIСТЮ ""НОВИЙ НАЦІОНАЛЬНИЙ СТАНДАРТ""";36899064;Оптова торгівля алкогольними напоями, виключно пивом для виробників пива з обсягом виробництва до 3000 гектолітрів на рік;400061;10.08.2017;10.08.2022
"ТОВАРИСТВО З ОБМЕЖЕНОЮ ВIДПОВIДАЛЬНIСТЮ ""ЕДЕЛЬБІР""";41383199;Оптова торгівля алкогольними напоями, виключно пивом для виробників пива з обсягом виробництва до 3000 гектолітрів на рік;400064;08.09.2017;08.09.2022
ФІЗИЧНА ОСОБА – ПІДПРИЄМЕЦЬ СУХОВ СЕРГІЙ СЕРГІЙОВИЧ;***********;Оптова торгівля алкогольними напоями, виключно пивом для виробників пива з обсягом виробництва до 3000 гектолітрів на рік;400065;15.09.2017;15.09.2022
"ТОВАРИСТВО З ОБМЕЖЕНОЮ ВIДПОВIДАЛЬНIСТЮ ""ПИВНА ЛІГА""";37005109;Оптова торгівля алкогольними напоями, виключно пивом для виробників пива з обсягом виробництва до 3000 гектолітрів на рік;400066;28.09.2017;28.09.2022
"ТОВАРИСТВО З ОБМЕЖЕНОЮ ВIДПОВIДАЛЬНIСТЮ ""ПРАЙМ-КОНСАЛТ ГРУП""";38465978;Оптова торгівля алкогольними напоями, виключно пивом для виробників пива з обсягом виробництва до 3000 гектолітрів на рік;400068;13.10.2017;13.10.2022
ФІЗИЧНА ОСОБА – ПІДПРИЄМЕЦЬ ПРИЩЕПА ВАСИЛЬ ІВАНОВИЧ;***********;Оптова торгівля алкогольними напоями, виключно пивом для виробників пива з обсягом виробництва до 3000 гектолітрів на рік;400069;23.11.2017;23.11.2022
"ТОВАРИСТВО З ОБМЕЖЕНОЮ ВIДПОВIДАЛЬНIСТЮ ""ХМІЛЬОК""";41954970;Оптова торгівля алкогольними напоями, виключно пивом для виробників пива з обсягом виробництва до 3000 гектолітрів на рік;140210202100001;05.02.2021;05.02.2026
ФІЗИЧНА ОСОБА - ПІДПРИЄМЕЦЬ РАКОЧИЙ ОЛЕГ ОЛЕКСАНДРОВИЧ;***********;Оптова торгівля алкогольними напоями, виключно пивом для виробників пива з обсягом виробництва до 3000 гектолітрів на рік;200210202100001;20.02.2021;20.02.2026
"ТОВАРИСТВО З ОБМЕЖЕНОЮ ВIДПОВIДАЛЬНIСТЮ ""ВАТРА БРЮВ""";43583718;Оптова торгівля алкогольними напоями, виключно пивом для виробників пива з обсягом виробництва до 3000 гектолітрів на рік;220210202100001;20.01.2021;20.01.2026
"ТОВАРИСТВО З ОБМЕЖЕНОЮ ВIДПОВIДАЛЬНIСТЮ ""КАНІВСЬКЕ ПИВО""";43481403;Оптова торгівля алкогольними напоями, виключно пивом для виробників пива з обсягом виробництва до 3000 гектолітрів на рік;230210202100001;02.02.2021;02.02.2026
"ТОВ ""СД БРЮЕРІ""";41036049;Оптова торгівля алкогольними напоями, виключно пивом для виробників пива з обсягом виробництва до 3000 гектолітрів на рік;990210201700002;21.12.2017;21.12.2022
РІТІНЬШ СТАНІСЛАВ КАРЛОВИЧ;***********;Оптова торгівля алкогольними напоями, виключно пивом для виробників пива з обсягом виробництва до 3000 гектолітрів на рік;990210201700003;21.12.2017;21.12.2022
"ТОВ ""МЕРКУР ХОТЕЛ МЕНЕДЖМЕНТ""";37817187;Оптова торгівля алкогольними напоями, виключно пивом для виробників пива з обсягом виробництва до 3000 гектолітрів на рік;990210201800001;05.01.2018;05.01.2023
ВОВЧАК РОМАН ЯРОСЛАВОВИЧ;***********;Оптова торгівля алкогольними напоями, виключно пивом для виробників пива з обсягом виробництва до 3000 гектолітрів на рік;990210201800004;14.02.2018;14.02.2023
"ТОВАРИСТВО З ОБМЕЖЕНОЮ ВІДПОВІДАЛЬНІСТЮ ""ЄВРО АЛЬЯНС ЛУЦЬК""";39019663;Оптова торгівля алкогольними напоями, виключно пивом для виробників пива з обсягом виробництва до 3000 гектолітрів на рік;990210201800005;16.02.2018;16.02.2023
"ТОВАРИСТВО З ОБМЕЖЕНОЮ ВIДПОВIДАЛЬНIСТЮ ""ХАРКІВСЬКА ЗЕРНОВА ПИВОВАРНЯ""";41285758;Оптова торгівля алкогольними напоями, виключно пивом для виробників пива з обсягом виробництва до 3000 гектолітрів на рік;990210201800008;07.03.2018;07.03.2023
"ТОВАРИСТВО З ОБМЕЖЕНОЮ ВIДПОВIДАЛЬНIСТЮ ""БАЛБІР""";41220540;Оптова торгівля алкогольними напоями, виключно пивом для виробників пива з обсягом виробництва до 3000 гектолітрів на рік;990210201800009;07.03.2018;07.03.2023
"ТОВАРИСТВО З ОБМЕЖЕНОЮ ВІДПОВІДАЛЬНІСТЮ ""ГРОЛ УКРАЇНА""";36875515;Оптова торгівля алкогольними напоями, виключно пивом для виробників пива з обсягом виробництва до 3000 гектолітрів на рік;990210201800010;21.03.2018;21.03.2023
"ТОВАРИСТВО З ОБМЕЖЕНОЮ ВIДПОВIДАЛЬНIСТЮ ""СН-""ГРУП""";41684968;Оптова торгівля алкогольними напоями, виключно пивом для виробників пива з обсягом виробництва до 3000 гектолітрів на рік;990210201800012;04.04.2018;04.04.2023
ФІЗИЧНА ОСОБА - ПІДПРИЄМЕЦЬ СМЕРЕКА БОРИС ВАСИЛЬОВИЧ;***********;Оптова торгівля алкогольними напоями, виключно пивом для виробників пива з обсягом виробництва до 3000 гектолітрів на рік;990210201800013;04.04.2018;04.04.2023
"ТОВАРИСТВО З ОБМЕЖЕНОЮ ВIДПОВIДАЛЬНIСТЮ ""ГРОУ ТЕХ""";40337981;Оптова торгівля алкогольними напоями, виключно пивом для виробників пива з обсягом виробництва до 3000 гектолітрів на рік;990210201800014;13.04.2018;13.04.2023
"ТОВАРИСТВО З ОБМЕЖЕНОЮ ВIДПОВIДАЛЬНIСТЮ КОМПАНІЯ ""ТІРАС-ФОР""";20535045;Оптова торгівля алкогольними напоями, виключно пивом для виробників пива з обсягом виробництва до 3000 гектолітрів на рік;990210201800015;05.05.2018;05.05.2023
"ТОВ ""АМІКРОН ПЛЮС""";40833235;Оптова торгівля алкогольними напоями, виключно пивом для виробників пива з обсягом виробництва до 3000 гектолітрів на рік;990210201800016;25.05.2018;25.05.2023
ФІЗИЧНА ОСОБА - ПІДПРИЄМЕЦЬ УСОК ЕДУАРД ПЕТРОВИЧ;***********;Оптова торгівля алкогольними напоями, виключно пивом для виробників пива з обсягом виробництва до 3000 гектолітрів на рік;990210201800019;27.06.2018;27.06.2023
"ТОВАРИСТВО З ОБМЕЖЕНОЮ ВIДПОВIДАЛЬНIСТЮ ""ВОВЧАНСЬКА ПРИВАТНА БРОВАРНЯ""";38565587;Оптова торгівля алкогольними напоями, виключно пивом для виробників пива з обсягом виробництва до 3000 гектолітрів на рік;990210201800023;01.08.2018;01.08.2023
"ТОВАРИСТВО З ОБМЕЖЕНОЮ ВIДПОВIДАЛЬНIСТЮ ""БУДИНОК ПИВА""";41818841;Оптова торгівля алкогольними напоями, виключно пивом для виробників пива з обсягом виробництва до 3000 гектолітрів на рік;990210201800024;15.08.2018;15.08.2023
ФІЗИЧНА ОСОБА - ПІДПРИЄМЕЦЬ ЦЮПАК ПАВЛО ЯРОСЛАВОВИЧ;***********;Оптова торгівля алкогольними напоями, виключно пивом для виробників пива з обсягом виробництва до 3000 гектолітрів на рік;990210201800025;15.08.2018;15.08.2023
"ТОВАРИСТВО З ОБМЕЖЕНОЮ ВIДПОВIДАЛЬНIСТЮ ""ДІД БРЮВЕРІ""";41803772;Оптова торгівля алкогольними напоями, виключно пивом для виробників пива з обсягом виробництва до 3000 гектолітрів на рік;990210201800028;21.09.2018;21.09.2023
ФІЗИЧНА ОСОБА - ПІДПРИЄМЕЦЬ ГРИЦЕНКО ТЕТЯНА МИКОЛАЇВНА;***********;Оптова торгівля алкогольними напоями, виключно пивом для виробників пива з обсягом виробництва до 3000 гектолітрів на рік;990210201800029;28.09.2018;28.09.2023
ФІЗИЧНА ОСОБА - ПІДПРИЄМЕЦЬ БІРЮКОВА ІРИНА ВОЛОДИМИРІВНА;***********;Оптова торгівля алкогольними напоями, виключно пивом для виробників пива з обсягом виробництва до 3000 гектолітрів на рік;990210201800030;03.10.2018;03.10.2023
ФІЗИЧНА ОСОБА - ПІДПРИЄМЕЦЬ ДВОЙНІКОВ ВІКТОР ВІТАЛІЙОВИЧ;***********;Оптова торгівля алкогольними напоями, виключно пивом для виробників пива з обсягом виробництва до 3000 гектолітрів на рік;990210201800031;19.10.2018;19.10.2023
"ТОВАРИСТВО З ОБМЕЖЕНОЮ ВIДПОВIДАЛЬНIСТЮ ""ВІФ ГРУП""";41935125;Оптова торгівля алкогольними напоями, виключно пивом для виробників пива з обсягом виробництва до 3000 гектолітрів на рік;990210201800032;25.10.2018;25.10.2023
"ТОВАРИСТВО З ОБМЕЖЕНОЮ ВIДПОВIДАЛЬНIСТЮ ""АНДЕРСЕН""";41283375;Оптова торгівля алкогольними напоями, виключно пивом для виробників пива з обсягом виробництва до 3000 гектолітрів на рік;990210201800035;09.11.2018;09.11.2023
"ТОВАРИСТВО З ОБМЕЖЕНОЮ ВIДПОВIДАЛЬНIСТЮ ""БРОВАРНЯ ""ПИВНА ЛЕГЕНДА""";42330174;Оптова торгівля алкогольними напоями, виключно пивом для виробників пива з обсягом виробництва до 3000 гектолітрів на рік;990210201800036;09.11.2018;09.11.2023
"ТОВАРИСТВО З ОБМЕЖЕНОЮ ВIДПОВIДАЛЬНIСТЮ ""ВЕК""";30602076;Оптова торгівля алкогольними напоями, виключно пивом для виробників пива з обсягом виробництва до 3000 гектолітрів на рік;990210201800037;16.11.2018;16.11.2023
ФІЗИЧНА ОСОБА - ПІДПРИЄМЕЦЬ БАЛАН ОКСАНА ОЛЕКСАНДРІВНА;***********;Оптова торгівля алкогольними напоями, виключно пивом для виробників пива з обсягом виробництва до 3000 гектолітрів на рік;990210201800038;05.12.2018;05.12.2023
"ТОВАРИСТВО З ОБМЕЖЕНОЮ ВIДПОВIДАЛЬНIСТЮ ""ІНТЕР БІР ТРЕЙД""";38940266;Оптова торгівля алкогольними напоями, виключно пивом для виробників пива з обсягом виробництва до 3000 гектолітрів на рік;990210201800039;12.12.2018;12.12.2023
"ТОВАРИСТВО З ОБМЕЖЕНОЮ ВIДПОВIДАЛЬНIСТЮ ""КОМУНІКАЦІЇ І КОМФОРТ""";37576996;Оптова торгівля алкогольними напоями, виключно пивом для виробників пива з обсягом виробництва до 3000 гектолітрів на рік;990210201900001;04.01.2019;04.01.2024
"ТОВАРИСТВО З ОБМЕЖЕНОЮ ВIДПОВIДАЛЬНIСТЮ ""АВС ПИВОВАРНЯ""";41911235;Оптова торгівля алкогольними напоями, виключно пивом для виробників пива з обсягом виробництва до 3000 гектолітрів на рік;990210201900002;11.01.2019;11.01.2024
"ТОВАРИСТВО З ОБМЕЖЕНОЮ ВIДПОВIДАЛЬНIСТЮ ""ВИРОБНИЧА КОМПАНІЯ ""ПЕРЕТВОРЕННЯ""";40577332;Оптова торгівля алкогольними напоями, виключно пивом для виробників пива з обсягом виробництва до 3000 гектолітрів на рік;990210201900003;23.01.2019;23.01.2024
"ТОВАРИСТВО З ОБМЕЖЕНОЮ ВIДПОВIДАЛЬНIСТЮ ""ЛЕМБЕРГЕР""";40425358;Оптова торгівля алкогольними напоями, виключно пивом для виробників пива з обсягом виробництва до 3000 гектолітрів на рік;990210201900005;23.01.2019;23.01.2024
ФІЗИЧНА ОСОБА - ПІДПРИЄМЕЦЬ РОШИНЕЦЬ ВОЛОДИМИР ВАСИЛЬОВИЧ;***********;Оптова торгівля алкогольними напоями, виключно пивом для виробників пива з обсягом виробництва до 3000 гектолітрів на рік;990210201900007;15.02.2019;15.02.2024
"ТОВАРИСТВО З ОБМЕЖЕНОЮ ВIДПОВIДАЛЬНIСТЮ ""ДУБЕН БРАУ""";42573578;Оптова торгівля алкогольними напоями, виключно пивом для виробників пива з обсягом виробництва до 3000 гектолітрів на рік;990210201900008;07.03.2019;07.03.2024
"ТОВАРИСТВО З ОБМЕЖЕНОЮ ВIДПОВIДАЛЬНIСТЮ ""КИЇВСЬКА ЛОКАЛЬНА БРОВАРНЯ""";42004636;Оптова торгівля алкогольними напоями, виключно пивом для виробників пива з обсягом виробництва до 3000 гектолітрів на рік;990210201900009;21.03.2019;21.03.2024
"ТОВАРИСТВО З ОБМЕЖЕНОЮ ВIДПОВIДАЛЬНIСТЮ ""ДВА ПИВОВАРА""";41083806;Оптова торгівля алкогольними напоями, виключно пивом для виробників пива з обсягом виробництва до 3000 гектолітрів на рік;990210201900010;18.04.2019;18.04.2024
ФІЗИЧНА ОСОБА - ПІДПРИЄМЕЦЬ ХОМА РОМАН РУСЛАНОВИЧ;***********;Оптова торгівля алкогольними напоями, виключно пивом для виробників пива з обсягом виробництва до 3000 гектолітрів на рік;990210201900011;19.04.2019;19.04.2024
"ПРИВАТНЕ ПIДПРИЄМСТВО ""КАХОВСЬКА БРОВАРНЯ""";42334425;Оптова торгівля алкогольними напоями, виключно пивом для виробників пива з обсягом виробництва до 3000 гектолітрів на рік;990210201900012;26.04.2019;26.04.2024
"ТОВАРИСТВО З ОБМЕЖЕНОЮ ВIДПОВIДАЛЬНIСТЮ ""АЗОВСТРОЙ""";37538437;Оптова торгівля алкогольними напоями, виключно пивом для виробників пива з обсягом виробництва до 3000 гектолітрів на рік;990210201900013;07.05.2019;07.05.2024
"ДОЧIРНЄ ПIДПРИЄМСТВО ""ГАДЯЦЬКЕ НАСІННЯ""";32387203;Оптова торгівля алкогольними напоями, виключно пивом для виробників пива з обсягом виробництва до 3000 гектолітрів на рік;990210201900014;17.05.2019;17.05.2024
"ТОВАРИСТВО З ОБМЕЖЕНОЮ ВIДПОВIДАЛЬНIСТЮ ""ХМІЛЬНИЙ КАБАН""";41668752;Оптова торгівля алкогольними напоями, виключно пивом для виробників пива з обсягом виробництва до 3000 гектолітрів на рік;990210201900015;29.05.2019;29.05.2024
"ТОВАРИСТВО З ОБМЕЖЕНОЮ ВIДПОВIДАЛЬНIСТЮ ""ОПРЕМА-ЛЬВІВ ПС""";30665377;Оптова торгівля алкогольними напоями, виключно пивом для виробників пива з обсягом виробництва до 3000 гектолітрів на рік;990210201900016;01.07.2019;01.07.2024
"ТОВАРИСТВО З ОБМЕЖЕНОЮ ВIДПОВIДАЛЬНIСТЮ ""МЕДЖИБІЗЬКА БРОВАРНЯ""";42821368;Оптова торгівля алкогольними напоями, виключно пивом для виробників пива з обсягом виробництва до 3000 гектолітрів на рік;990210201900017;02.07.2019;02.07.2024
"ТОВАРИСТВО З ОБМЕЖЕНОЮ ВIДПОВIДАЛЬНIСТЮ ""БРОВАРНЯ ДЗЕН""";42006020;Оптова торгівля алкогольними напоями, виключно пивом для виробників пива з обсягом виробництва до 3000 гектолітрів на рік;990210201900019;12.07.2019;12.07.2024
"ПРИВАТНЕ ПIДПРИЄМСТВО ""АЛЬТАМАР""";36090827;Оптова торгівля алкогольними напоями, виключно пивом для виробників пива з обсягом виробництва до 3000 гектолітрів на рік;990210201900020;12.07.2019;12.07.2024
ФІЗИЧНА ОСОБА - ПІДПРИЄМЕЦЬ ПОКИДЬКО ТАРАС СТАНІСЛАВОВИЧ;***********;Оптова торгівля алкогольними напоями, виключно пивом для виробників пива з обсягом виробництва до 3000 гектолітрів на рік;990210201900021;19.07.2019;19.07.2024
ФІЗИЧНА ОСОБА - ПІДПРИЄМЕЦЬ БОРИСЕНКО ОЛЕНА ЛЕОНИДІВНА;***********;Оптова торгівля алкогольними напоями, виключно пивом для виробників пива з обсягом виробництва до 3000 гектолітрів на рік;990210201900022;25.07.2019;25.07.2024
"ПРИВАТНЕ ПIДПРИЄМСТВО ""ДНІПРОВСЬКА КРАФТОВА БРОВАРНЯ""";42707713;Оптова торгівля алкогольними напоями, виключно пивом для виробників пива з обсягом виробництва до 3000 гектолітрів на рік;990210201900024;31.07.2019;31.07.2024
"ТОВАРИСТВО З ОБМЕЖЕНОЮ ВIДПОВIДАЛЬНIСТЮ ""ПИВОВАРНА ГРУПА ""ВАВІЛОН""";42657762;Оптова торгівля алкогольними напоями, виключно пивом для виробників пива з обсягом виробництва до 3000 гектолітрів на рік;990210201900025;31.07.2019;31.07.2024
"ТОВАРИСТВО З ОБМЕЖЕНОЮ ВIДПОВIДАЛЬНIСТЮ ""ВОДОЛЕЙ""";21035333;Оптова торгівля алкогольними напоями, виключно пивом для виробників пива з обсягом виробництва до 3000 гектолітрів на рік;990210201900026;07.08.2019;07.08.2024
"ТОВАРИСТВО З ОБМЕЖЕНОЮ ВIДПОВIДАЛЬНIСТЮ ""ЄВРО-ПИВО""";31773616;Оптова торгівля алкогольними напоями, виключно пивом для виробників пива з обсягом виробництва до 3000 гектолітрів на рік;990210201900028;23.08.2019;23.08.2024
"ТОВАРИСТВО З ОБМЕЖЕНОЮ ВIДПОВIДАЛЬНIСТЮ ""БРОВАР 2010""";37485658;Оптова торгівля алкогольними напоями, виключно пивом для виробників пива з обсягом виробництва до 3000 гектолітрів на рік;990210201900032;25.09.2019;25.09.2024
"ТОВАРИСТВО З ОБМЕЖЕНОЮ ВIДПОВIДАЛЬНIСТЮ ""КЛАЙПЕДА""";39116109;Оптова торгівля алкогольними напоями, виключно пивом для виробників пива з обсягом виробництва до 3000 гектолітрів на рік;990210201900033;18.10.2019;18.10.2024
"ТОВАРИСТВО З ОБМЕЖЕНОЮ ВIДПОВIДАЛЬНIСТЮ ""ФАКТ-2019""";42937736;Оптова торгівля алкогольними напоями, виключно пивом для виробників пива з обсягом виробництва до 3000 гектолітрів на рік;990210201900034;01.11.2019;01.11.2024
"ТОВАРИСТВО З ОБМЕЖЕНОЮ ВIДПОВIДАЛЬНIСТЮ ""ТАНДЕМ ПЛЮС""";30690309;Оптова торгівля алкогольними напоями, виключно пивом для виробників пива з обсягом виробництва до 3000 гектолітрів на рік;990210201900035;11.11.2019;11.11.2024
"ТОВАРИСТВО З ОБМЕЖЕНОЮ ВIДПОВIДАЛЬНIСТЮ ""ЗІНЬКІВСЬКИЙ ПИВЗАВОД""";31264911;Оптова торгівля алкогольними напоями, виключно пивом для виробників пива з обсягом виробництва до 3000 гектолітрів на рік;990210201900037;20.11.2019;20.11.2024
ФІЗИЧНА ОСОБА - ПІДПРИЄМЕЦЬ ОВЧАР МИХАЙЛО ІВАНОВИЧ;***********;Оптова торгівля алкогольними напоями, виключно пивом для виробників пива з обсягом виробництва до 3000 гектолітрів на рік;990210201900038;20.11.2019;20.11.2024
ФІЗИЧНА ОСОБА - ПІДПРИЄМЕЦЬ РЕЗНІК ГЕННАДІЙ ВЯЧЕСЛАВОВИЧ;***********;Оптова торгівля алкогольними напоями, виключно пивом для виробників пива з обсягом виробництва до 3000 гектолітрів на рік;990210201900039;27.11.2019;27.11.2024
"ТОВАРИСТВО З ОБМЕЖЕНОЮ ВIДПОВIДАЛЬНIСТЮ ""ШО БРЕВЕРІ""";42834089;Оптова торгівля алкогольними напоями, виключно пивом для виробників пива з обсягом виробництва до 3000 гектолітрів на рік;990210201900040;18.12.2019;18.12.2024
"ТОВАРИСТВО З ОБМЕЖЕНОЮ ВIДПОВIДАЛЬНIСТЮ ""СТАНІСЛАВСЬКА ГАЛЬБА""";42971164;Оптова торгівля алкогольними напоями, виключно пивом для виробників пива з обсягом виробництва до 3000 гектолітрів на рік;990210202000001;17.01.2020;17.01.2025
"ПРИВАТНЕ ПIДПРИЄМСТВО ""КА-ТЕТ""";43245829;Оптова торгівля алкогольними напоями, виключно пивом для виробників пива з обсягом виробництва до 3000 гектолітрів на рік;990210202000003;05.03.2020;05.03.2025
ФІЗИЧНА ОСОБА - ПІДПРИЄМЕЦЬ ГОМАН МИКОЛА СЕРГІЙОВИЧ;***********;Оптова торгівля алкогольними напоями, виключно пивом для виробників пива з обсягом виробництва до 3000 гектолітрів на рік;990210202000004;05.03.2020;05.03.2025
"ТОВАРИСТВО З ОБМЕЖЕНОЮ ВIДПОВIДАЛЬНIСТЮ ""МБРЮ""";42472640;Оптова торгівля алкогольними напоями, виключно пивом для виробників пива з обсягом виробництва до 3000 гектолітрів на рік;990210202000005;01.04.2020;01.04.2025
"ТОВАРИСТВО З ОБМЕЖЕНОЮ ВIДПОВIДАЛЬНIСТЮ ""ВЗ ГРУП""";41342372;Оптова торгівля алкогольними напоями, виключно пивом для виробників пива з обсягом виробництва до 3000 гектолітрів на рік;990210202000006;05.05.2020;05.05.2025
"ТОВАРИСТВО З ОБМЕЖЕНОЮ ВIДПОВIДАЛЬНIСТЮ ""УЗВАР""";36941336;Оптова торгівля алкогольними напоями, виключно пивом для виробників пива з обсягом виробництва до 3000 гектолітрів на рік;990210202000007;06.05.2020;06.05.2025
ФІЗИЧНА ОСОБА - ПІДПРИЄМЕЦЬ КОСТИНА ДМИТРО АНАТОЛІЙОВИЧ;***********;Оптова торгівля алкогольними напоями, виключно пивом для виробників пива з обсягом виробництва до 3000 гектолітрів на рік;990210202000008;21.05.2020;21.05.2025
"ТОВАРИСТВО З ОБМЕЖЕНОЮ ВIДПОВIДАЛЬНIСТЮ ""СУМИ КРАФТ БРЕВЕРІ""";43077595;Оптова торгівля алкогольними напоями, виключно пивом для виробників пива з обсягом виробництва до 3000 гектолітрів на рік;990210202000009;28.05.2020;28.05.2025
ФІЗИЧНА ОСОБА - ПІДПРИЄМЕЦЬ ДВОРНИК ОКСАНА ВАСИЛІВНА;***********;Оптова торгівля алкогольними напоями, виключно пивом для виробників пива з обсягом виробництва до 3000 гектолітрів на рік;990210202000010;28.05.2020;28.05.2025
ФІЗИЧНА ОСОБА - ПІДПРИЄМЕЦЬ ДВОРЦОВ АНДРІЙ ОЛЕКСАНДРОВИЧ;***********;Оптова торгівля алкогольними напоями, виключно пивом для виробників пива з обсягом виробництва до 3000 гектолітрів на рік;990210202000011;03.06.2020;03.06.2025
"ТОВАРИСТВО З ОБМЕЖЕНОЮ ВIДПОВIДАЛЬНIСТЮ ""ЛАНЖЕРОН БРЕВЕРІ""";41699094;Оптова торгівля алкогольними напоями, виключно пивом для виробників пива з обсягом виробництва до 3000 гектолітрів на рік;990210202000012;11.06.2020;11.06.2025
ФІЗИЧНА ОСОБА - ПІДПРИЄМЕЦЬ ВІЛЕЙКО КАТЕРИНА МИКОЛАЇВНА;***********;Оптова торгівля алкогольними напоями, виключно пивом для виробників пива з обсягом виробництва до 3000 гектолітрів на рік;990210202000014;24.06.2020;24.06.2025
ФІЗИЧНА ОСОБА - ПІДПРИЄМЕЦЬ ТОКАРЬ РОДІКА ТОДОРІВНА;***********;Оптова торгівля алкогольними напоями, виключно пивом для виробників пива з обсягом виробництва до 3000 гектолітрів на рік;990210202000015;02.07.2020;02.07.2025
"ТОВАРИСТВО З ОБМЕЖЕНОЮ ВIДПОВIДАЛЬНIСТЮ ""ТЕРЦ І Я""";40509338;Оптова торгівля алкогольними напоями, виключно пивом для виробників пива з обсягом виробництва до 3000 гектолітрів на рік;990210202000016;17.07.2020;17.07.2025
ФІЗИЧНА ОСОБА - ПІДПРИЄМЕЦЬ ГОРОДЕЦЬКИЙ ЯРОСЛАВ МИХАЙЛОВИЧ;***********;Оптова торгівля алкогольними напоями, виключно пивом для виробників пива з обсягом виробництва до 3000 гектолітрів на рік;990210202000017;24.07.2020;24.07.2025
"ТОВАРИСТВО З ОБМЕЖЕНОЮ ВIДПОВIДАЛЬНIСТЮ ""МАЙ КРАФТ""";43401785;Оптова торгівля алкогольними напоями, виключно пивом для виробників пива з обсягом виробництва до 3000 гектолітрів на рік;990210202000018;29.07.2020;29.07.2025
"ТОВАРИСТВО З ДОДАТКОВОЮ ВIДПОВIДАЛЬНIСТЮ ""МУКАЧІВСЬКИЙ ПИВОВАРНИЙ ЗАВОД""";382467;Оптова торгівля алкогольними напоями, виключно пивом для виробників пива з обсягом виробництва до 3000 гектолітрів на рік;990210202000019;29.07.2020;29.07.2025
"ТОВАРИСТВО З ОБМЕЖЕНОЮ ВIДПОВIДАЛЬНIСТЮ ""С.І.М.А.""";41387229;Оптова торгівля алкогольними напоями, виключно пивом для виробників пива з обсягом виробництва до 3000 гектолітрів на рік;990210202000020;31.07.2020;31.07.2025
ФІЗИЧНА ОСОБА - ПІДПРИЄМЕЦЬ ШУТКА ЯРОСЛАВ ІВАНОВИЧ;***********;Оптова торгівля алкогольними напоями, виключно пивом для виробників пива з обсягом виробництва до 3000 гектолітрів на рік;990210202000021;05.08.2020;05.08.2025
"ТОВАРИСТВО З ОБМЕЖЕНОЮ ВIДПОВIДАЛЬНIСТЮ ""БЕРЕЗАНСЬКА БРОВАРНЯ""";43378416;Оптова торгівля алкогольними напоями, виключно пивом для виробників пива з обсягом виробництва до 3000 гектолітрів на рік;990210202000022;26.08.2020;26.08.2025
"ТОВАРИСТВО З ОБМЕЖЕНОЮ ВIДПОВIДАЛЬНIСТЮ ""БРОВАРНЯ СЛОБОЖАНСЬКА""";43529116;Оптова торгівля алкогольними напоями, виключно пивом для виробників пива з обсягом виробництва до 3000 гектолітрів на рік;990210202000023;04.09.2020;04.09.2025
"ТОВАРИСТВО З ОБМЕЖЕНОЮ ВIДПОВIДАЛЬНIСТЮ ""БІР ТРЕЙД ХАРКІВ""";43340377;Оптова торгівля алкогольними напоями, виключно пивом для виробників пива з обсягом виробництва до 3000 гектолітрів на рік;990210202000025;09.09.2020;09.09.2025
"ТОВАРИСТВО З ОБМЕЖЕНОЮ ВIДПОВIДАЛЬНIСТЮ ""КИЇВСЬКА МАНУФАКТУРА ПИВА""";41851517;Оптова торгівля алкогольними напоями, виключно пивом для виробників пива з обсягом виробництва до 3000 гектолітрів на рік;990210202000026;18.09.2020;18.09.2025
"ТОВАРИСТВО З ОБМЕЖЕНОЮ ВIДПОВIДАЛЬНIСТЮ ""МЕШРУМ""";43154276;Оптова торгівля алкогольними напоями, виключно пивом для виробників пива з обсягом виробництва до 3000 гектолітрів на рік;990210202000027;24.09.2020;24.09.2025
ФІЗИЧНА ОСОБА - ПІДПРИЄМЕЦЬ ГРІШИН СЕРГІЙ ЮРІЙОВИЧ;***********;Оптова торгівля алкогольними напоями, виключно пивом для виробників пива з обсягом виробництва до 3000 гектолітрів на рік;990210202000028;24.09.2020;24.09.2025
"ТОВАРИСТВО З ОБМЕЖЕНОЮ ВIДПОВIДАЛЬНIСТЮ ""ШАЛЕ ЛТД""";43609070;Оптова торгівля алкогольними напоями, виключно пивом для виробників пива з обсягом виробництва до 3000 гектолітрів на рік;990210202000029;11.11.2020;11.11.2025
ФІЗИЧНА ОСОБА - ПІДПРИЄМЕЦЬ ДУБІНА СЕРГІЙ ВОЛОДИМИРОВИЧ;***********;Оптова торгівля алкогольними напоями, виключно пивом для виробників пива з обсягом виробництва до 3000 гектолітрів на рік;990210202000030;20.11.2020;20.11.2025
"ТОВАРИСТВО З ОБМЕЖЕНОЮ ВIДПОВIДАЛЬНIСТЮ ""СЛОБОЖАНСЬКИЙ БРОВАР""";43599183;Оптова торгівля алкогольними напоями, виключно пивом для виробників пива з обсягом виробництва до 3000 гектолітрів на рік;990210202000031;04.12.2020;04.12.2025
ФІЗИЧНА ОСОБА - ПІДПРИЄМЕЦЬ ФІГУРКО РОСТИСЛАВ МИКОЛАЙОВИЧ;***********;Оптова торгівля алкогольними напоями, виключно пивом для виробників пива з обсягом виробництва до 3000 гектолітрів на рік;990210202000033;23.12.2020;23.12.2025
"ПРИВАТНА ФІРМА ""АВТОСВІТ 2000""";30136593;Оптова торгівля алкогольними напоями, виключно пивом для виробників пива з обсягом виробництва до 3000 гектолітрів на рік;990210202100001;25.03.2021;25.03.2026
"ТОВАРИСТВО З ОБМЕЖЕНОЮ ВIДПОВIДАЛЬНIСТЮ ""ЯЧМІННА""";42131407;Оптова торгівля алкогольними напоями, виключно пивом для виробників пива з обсягом виробництва до 3000 гектолітрів на рік;990210202100002;25.03.2021;25.03.2026
"ТОВАРИСТВО З ОБМЕЖЕНОЮ ВIДПОВIДАЛЬНIСТЮ ""ХОЛІКРАФТ""";43796411;Оптова торгівля алкогольними напоями, виключно пивом для виробників пива з обсягом виробництва до 3000 гектолітрів на рік;990210202100003;25.03.2021;25.03.2026
"ТОВАРИСТВО З ОБМЕЖЕНОЮ ВIДПОВIДАЛЬНIСТЮ ""МОВА І КО""";41948380;Оптова торгівля алкогольними напоями, виключно пивом для виробників пива з обсягом виробництва до 3000 гектолітрів на рік;990210202100004;31.03.2021;31.03.2026
"ТОВАРИСТВО З ОБМЕЖЕНОЮ ВIДПОВIДАЛЬНIСТЮ ""БОГДАНІВСЬКА БРОВАРНЯ""";41812373;Оптова торгівля алкогольними напоями, виключно пивом для виробників пива з обсягом виробництва до 3000 гектолітрів на рік;990210202100005;05.04.2021;05.04.2026
"ТОВАРИСТВО З ОБМЕЖЕНОЮ ВIДПОВIДАЛЬНIСТЮ ""ОДД БРЮ""";43221457;Оптова торгівля алкогольними напоями, виключно пивом для виробників пива з обсягом виробництва до 3000 гектолітрів на рік;990210202100006;16.04.2021;16.04.2026
"ТОВАРИСТВО З ОБМЕЖЕНОЮ ВIДПОВIДАЛЬНIСТЮ ""МАЛИНІВКА-ІФ""";38957683;Оптова торгівля алкогольними напоями, виключно пивом для виробників пива з обсягом виробництва до 3000 гектолітрів на рік;990210202100007;12.05.2021;12.05.2026
"ТОВАРИСТВО З ОБМЕЖЕНОЮ ВIДПОВIДАЛЬНIСТЮ ""ПИВОВАРНЯ СОЛОД""";43781321;Оптова торгівля алкогольними напоями, виключно пивом для виробників пива з обсягом виробництва до 3000 гектолітрів на рік;990210202100008;13.05.2021;13.05.2026
ФІЗИЧНА ОСОБА - ПІДПРИЄМЕЦЬ ГЛІБЧУК ОЛЕГ-ВАСИЛЬ ВАСИЛЬОВИЧ;***********;Оптова торгівля алкогольними напоями, виключно пивом для виробників пива з обсягом виробництва до 3000 гектолітрів на рік;990210202100009;20.05.2021;20.05.2026
"ТОВАРИСТВО З ОБМЕЖЕНОЮ ВIДПОВIДАЛЬНIСТЮ ""ПОКРОВСЬКА КРАФТОВА БРОВАРНЯ""";38507957;Оптова торгівля алкогольними напоями, виключно пивом для виробників пива з обсягом виробництва до 3000 гектолітрів на рік;990210202100010;08.06.2021;08.06.2026
"ТОВАРИСТВО З ОБМЕЖЕНОЮ ВIДПОВIДАЛЬНIСТЮ ""ДІМ КРАФТУ""";43476541;Оптова торгівля алкогольними напоями, виключно пивом для виробників пива з обсягом виробництва до 3000 гектолітрів на рік;990210202100011;18.06.2021;18.06.2026
"ТОВАРИСТВО З ОБМЕЖЕНОЮ ВIДПОВIДАЛЬНIСТЮ ""ПІНТА ХАУС""";37616843;Оптова торгівля алкогольними напоями, виключно пивом для виробників пива з обсягом виробництва до 3000 гектолітрів на рік;990210202100012;18.06.2021;18.06.2026
"ПРИВАТНЕ ПIДПРИЄМСТВО ""ЯКИМПРОДІНВЕСТ""";36448704;Оптова торгівля алкогольними напоями, виключно пивом для виробників пива з обсягом виробництва до 3000 гектолітрів на рік;990210202100014;23.06.2021;23.06.2026
"ПРИВАТНЕ ПІДПРИЄМСТВО ""ЛЬВІВСЬКА КРАФТОВА ПИВОВАРНЯ""";42431693;Оптова торгівля алкогольними напоями, виключно пивом для виробників пива з обсягом виробництва до 3000 гектолітрів на рік;990210202100015;24.06.2021;24.06.2026
ФІЗИЧНА ОСОБА - ПІДПРИЄМЕЦЬ МЕДЯНІВСЬКИЙ ІГОР ВЯЧЕСЛАВОВИЧ;***********;Оптова торгівля алкогольними напоями, виключно пивом для виробників пива з обсягом виробництва до 3000 гектолітрів на рік;990210202100016;14.07.2021;14.07.2026
"ТОВАРИСТВО З ОБМЕЖЕНОЮ ВIДПОВIДАЛЬНIСТЮ ""КАСЕЛХІЛ""";42435258;Оптова торгівля алкогольними напоями, виключно пивом для виробників пива з обсягом виробництва до 3000 гектолітрів на рік;990210202100017;15.07.2021;15.07.2026
"ПРИВАТНЕ АКЦIОНЕРНЕ ТОВАРИСТВО ""ВІННИЦЬКА ХАРЧОСМАКОВА ФАБРИКА""";30453389;Оптова торгівля алкогольними напоями, виключно пивом для виробників пива з обсягом виробництва до 3000 гектолітрів на рік;990210202100018;16.07.2021;16.07.2026
ФІЗИЧНА ОСОБА - ПІДПРИЄМЕЦЬ НОВОСАД ДМИТРО ВОЛОДИМИРОВИЧ;***********;Оптова торгівля алкогольними напоями, виключно пивом для виробників пива з обсягом виробництва до 3000 гектолітрів на рік;990210202100019;03.08.2021;03.08.2026
"ПРИВАТНЕ ПIДПРИЄМСТВО ""ПЕРША ПОДІЛЬСЬКА ПАРОВА БРОВАРНЯ""";42976466;Оптова торгівля алкогольними напоями, виключно пивом для виробників пива з обсягом виробництва до 3000 гектолітрів на рік;990210202100020;09.08.2021;09.08.2026
"ТОВАРИСТВО З ОБМЕЖЕНОЮ ВIДПОВIДАЛЬНIСТЮ ""ГОНІР ГРУП""";42699158;Оптова торгівля алкогольними напоями, виключно пивом для виробників пива з обсягом виробництва до 3000 гектолітрів на рік;990210202100021;19.08.2021;19.08.2026
"ТОВАРИСТВО З ОБМЕЖЕНОЮ ВIДПОВIДАЛЬНIСТЮ ""ФАЗЕРС ГРУП""";41984570;Оптова торгівля алкогольними напоями, виключно пивом для виробників пива з обсягом виробництва до 3000 гектолітрів на рік;990210202100022;25.08.2021;25.08.2026
ФІЗИЧНА ОСОБА - ПІДПРИЄМЕЦЬ МИРОНЕНКО ІВАННА ЮРІЇВНА;***********;Оптова торгівля алкогольними напоями, виключно пивом для виробників пива з обсягом виробництва до 3000 гектолітрів на рік;990210202100023;01.09.2021;01.09.2026
"ТОВАРИСТВО З ОБМЕЖЕНОЮ ВІДПОВІДАЛЬНІСТЮ ""БІР ЛАЙНЕР""";43825185;Оптова торгівля алкогольними напоями, виключно пивом для виробників пива з обсягом виробництва до 3000 гектолітрів на рік;990210202100024;10.09.2021;10.09.2026
"ТОВАРИСТВО З ОБМЕЖЕНОЮ ВIДПОВIДАЛЬНIСТЮ ""ПИВОВАРНЯ ""ПЕРША СТОЛИЦЯ""";43859020;Оптова торгівля алкогольними напоями, виключно пивом для виробників пива з обсягом виробництва до 3000 гектолітрів на рік;990210202100025;22.09.2021;22.09.2026
"ПРИВАТНЕ ПIДПРИЄМСТВО ""БЕРІ БЕНЧ БРЕВЕРІ""";43933177;Оптова торгівля алкогольними напоями, виключно пивом для виробників пива з обсягом виробництва до 3000 гектолітрів на рік;990210202100026;01.10.2021;01.10.2026
"ТОВАРИСТВО З ОБМЕЖЕНОЮ ВIДПОВIДАЛЬНIСТЮ ""НОВОБАВАРСЬКЕ""";43845018;Оптова торгівля алкогольними напоями, виключно пивом для виробників пива з обсягом виробництва до 3000 гектолітрів на рік;990210202100027;08.10.2021;08.10.2026
"ТОВАРИСТВО З ОБМЕЖЕНОЮ ВІДПОВІДАЛЬНІСТЮ ""АГРОІСТ БЕЙКІНГ ЕНД МІЛЛІНГ""";34591901;Оптова торгівля алкогольними напоями, виключно пивом для виробників пива з обсягом виробництва до 3000 гектолітрів на рік;990210202100028;04.11.2021;04.11.2026
"ТОВАРИСТВО З ОБМЕЖЕНОЮ ВІДПОВІДАЛЬНІСТЮ ""СПРАВЖНЯ БРОВАРНЯ""";43874122;Оптова торгівля алкогольними напоями, виключно пивом для виробників пива з обсягом виробництва до 3000 гектолітрів на рік;990210202100029;15.11.2021;15.11.2026
"ТОВАРИСТВО З ОБМЕЖЕНОЮ ВІДПОВІДАЛЬНІСТЮ ""КРАФТ ЕКСПЕРТ""";43026451;Оптова торгівля алкогольними напоями, виключно пивом для виробників пива з обсягом виробництва до 3000 гектолітрів на рік;990210202100031;17.11.2021;17.11.2026
ФІЗИЧНА ОСОБА - ПІДПРИЄМЕЦЬ ІЩЕНКО АНТОН ВОЛОДИМИРОВИЧ;***********;Оптова торгівля алкогольними напоями, виключно пивом для виробників пива з обсягом виробництва до 3000 гектолітрів на рік;990210202100032;19.11.2021;19.11.2026
ФІЗИЧНА ОСОБА - ПІДПРИЄМЕЦЬ ВИНОГРАДОВ ВАЛЕРІЙ ВІКТОРОВИЧ;***********;Оптова торгівля алкогольними напоями, виключно пивом для виробників пива з обсягом виробництва до 3000 гектолітрів на рік;990210202100033;26.11.2021;26.11.2026
"ТОВАРИСТВО З ОБМЕЖЕНОЮ ВІДПОВІДАЛЬНІСТЮ ""ПИВОВАРНЯ ""НАШЕ ПИВО""";37158833;Оптова торгівля алкогольними напоями, виключно пивом для виробників пива з обсягом виробництва до 3000 гектолітрів на рік;990210202100034;08.12.2021;08.12.2026
"ТОВАРИСТВО З ОБМЕЖЕНОЮ ВIДПОВIДАЛЬНIСТЮ ""СЕМЕНІВСЬКА БРОВАРНЯ""";44132740;Оптова торгівля алкогольними напоями, виключно пивом для виробників пива з обсягом виробництва до 3000 гектолітрів на рік;990210202100035;14.12.2021;14.12.2026
"ТОВАРИСТВО З ОБМЕЖЕНОЮ ВІДПОВІДАЛЬНІСТЮ ""ЕКСТРАКОМ""";33316882;Оптова торгівля алкогольними напоями, виключно пивом для виробників пива з обсягом виробництва до 3000 гектолітрів на рік;990210202200001;27.01.2022;27.01.2027
"ТОВАРИСТВО З ОБМЕЖЕНОЮ ВІДПОВІДАЛЬНІСТЮ ""ТРІАЛ""";31040090;Оптова торгівля алкогольними напоями, виключно пивом для виробників пива з обсягом виробництва до 3000 гектолітрів на рік;990210202200002;01.02.2022;01.02.2027
"ТОВАРИСТВО З ОБМЕЖЕНОЮ ВІДПОВІДАЛЬНІСТЮ ""БІРЛЮКС МАЙСТЕР""";37657928;Оптова торгівля алкогольними напоями, виключно пивом для виробників пива з обсягом виробництва до 3000 гектолітрів на рік;990210202200003;03.02.2022;03.02.2027
"ПРИВАТНЕ ПIДПРИЄМСТВО ""ДОНАРТ""";35715715;Оптова торгівля алкогольними напоями, виключно пивом для виробників пива з обсягом виробництва до 3000 гектолітрів на рік;990210202200004;27.01.2022;27.01.2027
"ТОВАРИСТВО З ОБМЕЖЕНОЮ ВIДПОВIДАЛЬНIСТЮ ""ЕЛІТЕКО""";38503379;Оптова торгівля алкогольними напоями, виключно пивом для виробників пива з обсягом виробництва до 3000 гектолітрів на рік;990210202200005;20.01.2022;20.01.2027
ФІЗИЧНА ОСОБА - ПІДПРИЄМЕЦЬ ДОБРОВОДСЬКИЙ ВОЛОДИМИР СТЕПАНОВИЧ;***********;Оптова торгівля алкогольними напоями, виключно пивом для виробників пива з обсягом виробництва до 3000 гектолітрів на рік;990210202200006;08.02.2022;08.02.2027
"ПРИВАТНЕ ПIДПРИЄМСТВО ""КОУРОС""";31790521;Оптова торгівля алкогольними напоями, виключно пивом для виробників пива з обсягом виробництва до 3000 гектолітрів на рік;990210202200007;25.01.2022;25.01.2027
ФІЗИЧНА ОСОБА - ПІДПРИЄМЕЦЬ ЛИХОЛАТ МИКОЛА АНАТОЛІЙОВИЧ;***********;Оптова торгівля алкогольними напоями, виключно пивом для виробників пива з обсягом виробництва до 3000 гектолітрів на рік;990210202200008;01.02.2022;01.02.2027
"ТОВАРИСТВО З ОБМЕЖЕНОЮ ВІДПОВІДАЛЬНІСТЮ ""КРАФТОВЕ ПИВО""";40303290;Оптова торгівля алкогольними напоями, виключно пивом для виробників пива з обсягом виробництва до 3000 гектолітрів на рік;990210202200009;08.02.2022;08.02.2027
"ПРИВАТНЕ ПІДПРИЄМСТВО ""ЯГЕР ІФ""";30610396;Оптова торгівля алкогольними напоями, виключно пивом для виробників пива з обсягом виробництва до 3000 гектолітрів на рік;990210202200010;27.01.2022;27.01.2027
ФІЗИЧНА ОСОБА - ПІДПРИЄМЕЦЬ КОСЯКОВ ОЛЕГ ВАЛЕНТИНОВИЧ;***********;Оптова торгівля алкогольними напоями, виключно пивом для виробників пива з обсягом виробництва до 3000 гектолітрів на рік;990210202200011;08.02.2022;08.02.2027
"ТОВАРИСТВО З ОБМЕЖЕНОЮ ВIДПОВIДАЛЬНIСТЮ ""ГАЛИЦЬКИЙ БРОВАР""";39151227;Оптова торгівля алкогольними напоями, виключно пивом для виробників пива з обсягом виробництва до 3000 гектолітрів на рік;990210202200012;04.02.2022;04.02.2027
"ТОВАРИСТВО З ОБМЕЖЕНОЮ ВІДПОВІДАЛЬНІСТЮ ""ПРЕМІУМ-БАР""";35875619;Оптова торгівля алкогольними напоями, виключно пивом для виробників пива з обсягом виробництва до 3000 гектолітрів на рік;990210202200014;07.02.2022;07.02.2027
"ТОВАРИСТВО З ОБМЕЖЕНОЮ ВIДПОВIДАЛЬНIСТЮ ""ХМІЛЬНИЙ ЛЕВ""";38940727;Оптова торгівля алкогольними напоями, виключно пивом для виробників пива з обсягом виробництва до 3000 гектолітрів на рік;990210202200015;16.02.2022;16.02.2027
"ТОВАРИСТВО З ОБМЕЖЕНОЮ ВІДПОВІДАЛЬНІСТЮ ""ТОРГПРОДУНІВЕРСАЛ-2""";43582159;Оптова торгівля алкогольними напоями, виключно пивом для виробників пива з обсягом виробництва до 3000 гектолітрів на рік;990210202200016;11.02.2022;11.02.2027
"ТОВАРИСТВО З ОБМЕЖЕНОЮ ВІДПОВІДАЛЬНІСТЮ ""ВОЛИНСЬКИЙ БРОВАР""";34254691;Оптова торгівля алкогольними напоями, виключно пивом для виробників пива з обсягом виробництва до 3000 гектолітрів на рік;990210202200018;16.02.2022;16.02.2027
"ТОВАРИСТВО З ОБМЕЖЕНОЮ ВІДПОВІДАЛЬНІСТЮ ""ДОГОДА""";39802036;Оптова торгівля алкогольними напоями, виключно пивом для виробників пива з обсягом виробництва до 3000 гектолітрів на рік;990210202200021;21.02.2022;21.02.2027
